Имя (ru),Имя (eng),Родился,Умер,Прожил,Эпоха,Национальность,"Где родился, там не пригодился"
Хильдегарда Бингенская,Hildegard von Bingen,1098,1179,81,Средневековье,австро-немецкий,
Леонин,Léonin,1150,1210,60,Средневековье,французский,
Перотин,Pérotin,1160,1230,70,Средневековье,французский,
Адам де ла Аль,Adam de la Halle,1245,1287,42,Средневековье,французский,
Пьер де ла Круа,Pierre de la Croix,1270,1347,77,Средневековье,французский,
Филипп де Витри,Philippe de Vitry,1291,1361,70,Средневековье,французский,
Гийом де Машо,Guillaume de Machaut,1300,1377,77,Средневековье,французский,
Франческо Ландини,Francesco Landini,1335,1397,62,Средневековье,итальянский,
Джон Данстейбл,John Dunstable,1390,1453,63,"Средневековье, Возрождение",английский,
Гийом Дюфаи,Guillaume Dufay,1397,1474,77,Возрождение,франко-фламандский,
Жиль Беншуа,Gilles Binchois,1400,1460,60,"Средневековье, Возрождение",франко-фламандский,
Окегем,Ockeghem,1410,1497,87,Возрождение,франко-фламандский,
Жоскен Депре,Josquin des Prés,1450,1521,71,Возрождение,франко-фламандский,
Обрехт,Obrecht,1457,1505,48,Возрождение,франко-фламандский,
Вилларт,Willaert,1490,1562,72,Возрождение,франко-фламандский,
Палестрина,Palestrina,1525,1594,68,Возрождение,итальянский,
Орландо Лассо,Orlando di Lasso,1532,1594,62,Возрождение,франко-фламандский,
Уильям Бёрд,William Byrd,1543,1623,80,Возрождение,английский,
Свелинк,Sweelinck,1562,1621,59,"Возрождение, барокко",другое,
Монтеверди,Monteverdi,1567,1643,76,"Возрождение, барокко",итальянский,
Фрескобальди,Frescobaldi,1583,1643,59,барокко,итальянский,
Шютц,Schütz,1585,1672,87,"Возрождение, барокко",австро-немецкий,
Люлли,Lully,1632,1687,54,барокко,французский,итальянский
Букстехуде,Buxtehude,1637,1707,70,барокко,австро-немецкий,датские корни?
Пахельбель,Pachelbel,1653,1706,52,барокко,австро-немецкий,
Корелли,Corelli,1653,1713,59,барокко,итальянский,
Пёрселл,Purcell,1659,1695,36,барокко,английский,
Куперен,Couperin,1668,1733,64,барокко,французский,
Альбинони,Albinoni,1671,1751,79,барокко,итальянский,
Вивальди,Vivaldi,1678,1741,63,барокко,итальянский,
Телеман,Telemann,1681,1767,86,барокко,австро-немецкий,
Рамо,Rameau,1683,1764,80,барокко,французский,
Гендель,Handel ,1685,1759,74,барокко,австро-немецкий,
И. С. Бах,J. S. Bach,1685,1750,65,барокко,австро-немецкий,
Д. Скарлатти,D. Scarlatti,1685,1757,71,барокко,итальянский,
Глюк,Gluck,1714,1787,73,"барокко, классицизм",австро-немецкий,
К. Ф. Э. Бах,C. P. E. Bach,1714,1788,74,"барокко, классицизм",австро-немецкий,
Гайдн,Haydn,1732,1809,77,классицизм,австро-немецкий,
Боккерини,Boccherini,1743,1805,62,классицизм,итальянский,
Сальери,Salieri,1750,1825,74,классицизм,австро-немецкий,итальянский
Моцарт,Mozart,1756,1791,35,классицизм,австро-немецкий,
Бетховен,Beethoven,1770,1827,56,"классицизм, ранний романтизм",австро-немецкий,
Паганини,Paganini,1782,1840,57,"классицизм, ранний романтизм",итальянский,
Вебер,Weber,1786,1826,39,"классицизм, ранний романтизм",австро-немецкий,
Мейербер,Meyerbeer,1791,1864,72,"классицизм, ранний романтизм",французский,австро-немецкий
Россини,Rossini,1792,1868,76,классицизм,итальянский,
Шуберт,Schubert,1797,1828,31,"классицизм, ранний романтизм",австро-немецкий,
Доницетти,Donizetti,1797,1849,50,ранний романтизм,итальянский,
Беллини,Bellini,1801,1835,33,ранний романтизм,итальянский,
Берлиоз,Berlioz,1803,1869,65,романтизм,французский,
И. Штраус (отец),J. Strauss I,1804,1849,45,ранний романтизм,австро-немецкий,
Глинка,Glinka,1804,1857,52,ранний романтизм,русский,
Мендельсон,Mendelssohn,1809,1847,38,ранний романтизм,австро-немецкий,
Шуман,Schumann,1810,1856,46,ранний романтизм,австро-немецкий,
Шопен,Chopin,1810,1849,39,ранний романтизм,польский,
Лист,Liszt,1811,1886,74,романтизм,австро-немецкий,венгерский
Даргомыжский,Dargomyzhsky,1813,1869,55,ранний романтизм,русский,
Вагнер,Wagner,1813,1883,69,романтизм,австро-немецкий,
Верди,Verdi,1813,1901,87,романтизм,итальянский,
Гуно,Gounod,1818,1893,75,романтизм,французский,
Клара Шуман,Clara Schumann,1819,1896,76,ранний романтизм,австро-немецкий,
Оффенбах,Offenbach,1819,1880,61,романтизм,французский,австро-немецкий
Сезар Франк,César Franck,1822,1890,67,романтизм,французский,
Брукнер,Bruckner,1824,1896,72,поздний романтизм,австро-немецкий,
Сметана,Smetana,1824,1884,60,романтизм,чешский,
И. Штраус (сын),J. Strauss II,1825,1899,73,ранний романтизм,австро-немецкий,
А. Рубинштейн,A. Rubinstein,1829,1894,64,романтизм,русский,
Брамс,Brahms,1833,1897,63,романтизм,австро-немецкий,
Бородин,Borodin,1833,1887,53,романтизм,русский,
Сен-Санс,Saint-Saëns,1835,1921,86,романтизм,французский,
Лео Делиб,Léo Delibes,1836,1891,54,романтизм,французский,
Балакирев,Balakirev,1837,1910,73,романтизм,русский,
Брух,Bruch,1838,1920,82,романтизм,австро-немецкий,
Бизе,Bizet,1838,1875,36,романтизм,французский,
Мусоргский,Musorgsky,1839,1881,42,романтизм,русский,
Чайковский,Tchaikovsky,1840,1893,53,романтизм,русский,
Дворжак,Dvořák,1841,1904,62,романтизм,чешский,
Массне,Massenet,1842,1912,70,романтизм,французский,
Григ,Grieg,1843,1907,64,романтизм,норвежский,
Римский-Корсаков,Rimsky-Korsakov,1844,1908,64,романтизм,русский,
Форе,Fauré,1845,1924,79,романтизм,французский,
Яначек,Janáček,1854,1928,74,поздний романтизм,чешский,
Лядов,Lyadov,1855,1914,59,поздний романтизм,русский,
Танеев,Taneyev,1856,1915,58,поздний романтизм,русский,
Элгар,Elgar,1857,1934,76,поздний романтизм,английский,
Пуччини,Puccini,1858,1924,65,поздний романтизм,итальянский,
Малер,Mahler,1860,1911,50,поздний романтизм,австро-немецкий,
Альбенис,Albéniz,1860,1909,48,поздний романтизм,испанский,
Дебюсси,Debussy,1862,1918,55,"поздний романтизм, XX век",французский,
Рихард Штраус,Richard Strauss,1864,1949,85,"поздний романтизм, XX век",австро-немецкий,
Карл Нильсен,Carl Nielsen,1865,1931,66,поздний романтизм,датский,
Глазунов,Glazunov,1865,1936,70,поздний романтизм,русский,
Сибелиус,Sibelius,1865,1957,91,романтизм,финский,
Бузони,Busoni ,1866,1924,58,поздний романтизм,итальянский,
Сати,Satie,1866,1925,59,"поздний романтизм, XX век",французский,
Скрябин,Scriabin,1872,1915,43,"поздний романтизм, XX век",русский,
Рахманинов,Rachmaninoff,1873,1943,69,поздний романтизм,русский,
Шёнберг,Schoenberg,1874,1951,76,"поздний романтизм, авангард",австро-немецкий,
Айвз,Ives,1874,1954,79,"поздний романтизм, авангард",американский,
Равель,Ravel,1875,1937,62,"поздний романтизм, XX век",французский,
Мануэль де Фалья,Manuel de Falla,1876,1946,69,"поздний романтизм, XX век",испанский,
Респиги,Respighi,1879,1936,56,"поздний романтизм, XX век",итальянский,
Барток,Bartók,1881,1945,64,"поздний романтизм, XX век",венгерский,
Мясковский,Myaskovsky,1881,1950,69,XX век,русский,
Стравинский,Stravinsky,1882,1971,88,"поздний романтизм, авангард",русский,
Веберн,Webern,1883,1945,61,"поздний романтизм, авангард",австро-немецкий,
Берг,Berg,1885,1935,50,"поздний романтизм, авангард",австро-немецкий,
Мартину,Martinu,1890,1959,68,XX век,чешский,
Прокофьев,Prokofiev,1891,1953,61,XX век,русский,
Онеггер,Honegger,1892,1955,63,XX век,французский,
Карл Орф,Orff,1895,1982,86,XX век,австро-немецкий,
Хиндемит,Hindemith,1895,1963,68,XX век,австро-немецкий,
Гершвин,Gershwin,1898,1937,38,XX век,американский,
Пуленк,Poulenc,1899,1963,64,XX век,французский,
Шостакович,Shostakovich,1906,1975,68,XX век,русский,
Мессиан,Messiaen,1908,1992,83,авангард,французский,
Барбер,Barber,1910,1981,70,XX век,американский,
Кейдж,Cage,1912,1992,79,авангард,американский,
Лютославский,Lutosławski,1913,1994,81,авангард,польский,
Бриттен,Britten,1913,1976,63,XX век,английский,
Свиридов,Sviridov,1915,1998,82,XX век,русский,
Бернстайн,Bernstein,1918,1990,72,XX век,американский,
Уствольская,Ustvolskaya,1919,2006,87,авангард,русский,
Вайнберг,Weinberg,1919,1996,77,XX век,русский,
Ксенакис,Xenakis,1922,2001,78,авангард,французский,греческий
Лигети,Ligeti,1923,2006,83,авангард,австро-немецкий,венгерский
Ноно,Nono,1924,1990,66,авангард,итальянский,
Булез,Boulez,1925,2016,90,авангард,французский,
Штокхаузен,Stockhausen,1928,2007,79,авангард,австро-немецкий,
Денисов,Denisov,1929,1996,67,авангард,русский,
Губайдулина,Gubaidulina,1931,2025,93,авангард,русский,
Щедрин,Shchedrin,1931,,,XX век,русский,
Пендерецкий,Penderecki,1933,2020,86,авангард,польский,
Шнитке,Schnittke,1934,1998,63,авангард,русский,
Пярт,Pärt,1935,,,XX век,эстонский,
Райх,Reich,1936,,,XX век,американский,
Сильвестров,Silvestrov,1937,,,"авангард, XX век",украинский,
Гласс,Glass,1937,,,XX век,американский,
Гризе,Grisey,1946,1998,52,авангард,французский,
Мюрай,Murail,1947,,,авангард,французский,
Десятников,Desyatnikov,1955,,,"XX век",русский,
Таллис,Tallis,1505,1585,80,возрождение,английский,
Томас Луис де Виктория,Tomás Luis de Victoria,1548,1611,63,возрождение,испанский,
Джованни Габриели,Giovanni Gabrieli,1557,1612,55,"возрождение, барокко",итальянский,
Джон Доуленд,John Dowland,1563,1626,63,возрождение,английский,
Карло Джезуальдо ,Carlo Gesualdo,1566,1613,47,возрождение,итальянский ,
Грегорио Аллегри,Gregorio Allegri,1582,1652,70,"возрождение, барокко",итальянский,
Марк-Антуан Шарпантье,Marc-Antoine Charpentier,1643,1704,61,барокко,французский,
Бибер,Biber,1644,1704,59,барокко,австро-немецкий,
Марен Маре,Marin Marais,1656,1728,72,барокко,французский,
Алессандро Скарлатти,Alessandro Scarlatti,1660,1725,65,барокко,итальянский,
Зеленка,Zelenka,1679,1745,66,барокко,немецкий ,чешский 
Перголези,Pergolesi,1710,1736,26,барокко,итальянский,
И. К. Бах,J. C. Bach,1735,1782,46,классицизм,английский,немецкий 
Клементи,Clementi,1752,1832,80,классицизм,итальянский,
Керубини ,Cherubini,1760,1842,81,"классицизм, романтизм",французский,итальянский
Гуммель,Hummel,1778,1837,58,"классицизм, романтизм",австро-немецкий,
Алькан,Alkan,1813,1888,74,романтизм,французский,
Вольф,Wolf,1860,1903,42,романтизм,австро-немецкий,
Цемлинский,Zemlinsky,1871,1942,70,поздний романтизм,австро-немецкий,
Воан-Уильямс,Vaughan Williams,1872,1958,85,"поздний романтизм, XX век",английский,
Холст,Holst,1874,1934,59,XX век,английский,
,,,,,,,
,,,,,,,
,,,,,,,
,,,,,,,
,,,,,,,
,,,,,,,
,,,,,,,
,,,,,,,
,,,,,,,
,,,,,,,
,,,,,,,
,,,,,,,
,,,,,,,
,,,,,,,
,,,,,,,
,,,,,,,
,,,,,,,
,,,,,,,
